,Location,Postcode,Latitude,Longitude
0,Admirals Hill,7798,-34.069506561359375,18.559224728539665
1,Adriaanse,7490,-33.93954999999994,18.585440000000062
2,Airlie,7806,-34.03870999999998,18.435080000000028
3,Airport City,7490,-33.97816999999998,18.591080000000034
4,Airport Industria,7490,-33.958699999999965,18.58943000000005
5,Akasiapark,7460,-33.954136790145924,18.52531614910583
6,Albowville,7405,-33.91908999999998,18.421980000000076
7,Alicedale Estate,7764,-33.31672999999995,26.08206000000007
8,Allenby Estate,7945,-34.065123474896694,18.46854978759596
9,Alphen Estate,7806,-34.01421048862569,18.457059528919643
10,Alphine Park,7785,-34.10665542486084,18.875633378300247
11,Amandaglen,7550,-33.85761999999994,18.663890000000038
12,Amandelrug,7580,-33.918519999999944,18.69151000000005
13,Amandelsig,7580,-33.92921999999993,18.693640000000073
14,Anchorage Park,7140,-34.14996999999994,18.874130000000036
15,Annandale,7580,-33.913932789293085,18.68432202729935
16,Annandale Village,7441,-33.913932789293085,18.68432202729935
17,Annaty Bank,7945,-33.91908999999998,18.421980000000076
18,Arauna,7560,-33.87366999999995,18.686120000000074
19,Arcadia Centre,7570,-33.95807699101511,18.478455783587798
20,Ardleigh Park,7945,-34.055132668669614,18.482572480421815
21,Area Al,7785,-33.863009999999974,18.519890000000032
22,Area Sst,7784,-33.863009999999974,18.519890000000032
23,Asanda Village,7140,-34.10962496377044,18.857145094711868
24,Ascot Village,7780,-33.85370999999998,18.511400000000037
25,Athlone,7760,-33.966249999999945,18.50609000000003
26,Athlone,7764,-33.966249999999945,18.50609000000003
27,Athlone Industria,7764,-34.09966091923969,18.843820481519845
28,Atlantic Beach,7441,-33.745505461534975,18.443941338475494
29,Atlantic Beach Golf Estate,7441,-33.745505461534975,18.443941338475494
30,Atlantic Strand,7441,-34.12596999999994,18.834250000000054
31,Atlantis,7349,-33.55346999999995,18.50021000000004
32,Audas Estate,7130,-34.08425999999997,18.84731000000005
33,Aurora,7550,-33.83371999999997,18.629920000000027
34,Aurora Estate,7550,-33.833686070212664,18.636177032746872
35,Austinville,7580,-33.97795999999994,18.697230000000047
36,Avalon Park,7580,-34.03673433720779,18.590375022735675
37,Avondale,7349,-33.565849999999955,18.489060000000052
38,Avondale,7490,-33.565849999999955,18.489060000000052
39,Avondale,7500,-33.565849999999955,18.489060000000052
40,Avondale Gardens,7800,-34.03579999999994,18.469720000000052
41,Avonwood,7490,-33.92467999999997,18.578900000000033
42,Bakkershoogte,7130,-33.91908999999998,18.421980000000076
43,Bakoven,8005,-33.95906999999994,18.38265000000007
44,Balvenie,7490,-33.93205999999998,18.58400000000006
45,Bantry Bay,8005,-33.92746999999997,18.38020000000006
46,Barbarosa Estate,7806,-33.906874961176364,18.661790047149083
47,Barcelona,7750,-33.97826999999995,18.579660000000047
48,Bardale Village,7580,-33.98242724091949,18.68092495960271
49,Baronetcy Estate,7500,-33.86080999999996,18.573010000000068
50,Bayridge,7441,-33.85266999999993,18.51045000000005
51,Bayview,7798,-34.16848999999996,18.85504000000003
52,Baywatch,7798,-34.15424382297711,18.888569620012394
53,Beach Boulevard,7441,-33.86611735083209,18.497309644265542
54,Beach Estate,7806,-34.031379999999956,18.35048000000006
55,Beacon Hill,7349,-33.55970999999994,18.506340000000023
56,Beacon Valley,7785,-34.040719999999965,18.625540000000058
57,Beaconvale,7500,-33.91436999999996,18.581570000000056
58,Belgravia,7530,-33.971469999999954,18.518740000000037
59,Belgravia Estate,7764,-33.9876956542955,18.49486045948637
60,Belhar,7493,-33.93082999999996,18.656210000000044
61,Belhar,7507,-33.93082999999996,18.656210000000044
62,Bella Centurion,7441,-33.91514999999998,18.48768000000007
63,Bella Vista,7441,-33.74429999999995,18.446210000000065
64,Bellair Estate,7530,-33.93986817785314,18.426358149256973
65,Bellair Winelands Estate,7130,-33.895850240604176,18.67206691844514
66,Belle Glen,7130,-34.08056592718173,18.45330473597965
67,Belle Ombre,7806,-34.01288999999997,18.434240000000045
68,Bellrail,7530,-33.90563999999995,18.635780000000068
69,Bellville,7530,-33.90021999999993,18.62847000000005
70,Bellville Business Park,7530,-33.901629999999955,18.64283000000006
71,Bellville South,7530,-33.91837999999996,18.638370000000066
72,Belmont Park,7570,-33.84686999999997,18.730720000000076
73,Belthorne Estate,7780,-33.98366999999996,18.51574000000005
74,Belvenie Estate,7490,-33.932084959900045,18.575975074701006
75,Benno Park,7580,-33.572748335530584,18.485255202089313
76,Berg en Dal,7806,-34.036539999999945,18.360600000000034
77,Berg en Dal Estate,7806,-34.059212915331685,18.846359277586977
78,Bergshoop,7550,-33.841709959712674,18.681720075514974
79,Bergsig,7460,-33.81782999999996,18.66452000000004
80,Bergsig,7550,-33.81782999999996,18.66452000000004
81,Bergstroom,7530,-33.88345623682175,18.672561635857576
82,Bergvliet,7864,-34.044599999999946,18.45201000000003
83,Bergvliet,7945,-34.044599999999946,18.45201000000003
84,Bergzicht,7460,-34.109519999999975,18.824340000000063
85,Bernadino Heights,7570,-33.877579999999966,18.72049000000004
86,Beroma,7530,-33.91469999999998,18.65500000000003
87,Beverly Park,7100,-34.01202999999998,18.728330000000028
88,Big Bay,7441,-33.78983999999997,18.458350000000053
89,Big Bay,7448,-33.78983999999997,18.458350000000053
90,Big Bay Beach Club,7441,-33.78375999999997,18.454810000000066
91,Bishop Lavis,7490,-33.94787999999994,18.580750000000023
92,Bishopscourt,7708,-33.98956999999996,18.445100000000025
93,Bishopscourt Estate,7708,-33.78344387469487,18.71364143624675
94,Blackheath,7580,-33.911674390535175,18.395836140418947
95,Blackheath,7581,-33.911674390535175,18.395836140418947
96,Bloekombos,7570,-33.84349999999995,18.74786000000006
97,Bloemhof,7530,-33.88015999999993,18.644690000000026
98,Blommendal,7530,-33.88883999999996,18.65491000000003
99,Blomtuin Estate,7530,-33.884999999999934,18.646840000000054
100,Blomvlei,7530,-33.87969999999996,18.618360000000052
101,Blomvlei Estate,7780,-33.99241357786528,18.518411930966543
102,Blouberg Sands,7441,-33.80294999999995,18.478400000000022
103,Bloubergrant,7441,-33.81510999999995,18.477760000000046
104,Bloubergrant,7443,-33.81510999999995,18.477760000000046
105,Bloubergrant North,7444,-33.81510999999995,18.477760000000046
106,Bloubergrise,7441,-33.81210999999996,18.48413000000005
107,Bloubergstrand,7436,-33.80260999999996,18.46246000000008
108,Bloubergstrand,7441,-33.80260999999996,18.46246000000008
109,Blue Downs,7100,-33.98165999999998,18.675770000000057
110,Blue Downs,7105,-33.98165999999998,18.675770000000057
111,Blue Horizon,7785,-34.01070609451917,18.716292955067217
112,Bokkemanskloof,7806,-34.018606237537696,18.383827808396234
113,Bokmakierie,7764,-33.85131495019948,18.661965061287376
114,Bongweni,7784,-34.00666495506031,18.581935068863416
115,Bonnie Brae,7570,-33.831699999999955,18.70333000000005
116,Bonniebrook,7570,-33.86804977789887,18.730899477646147
117,Bonny Brook,7570,-33.83749999999998,18.70288000000005
118,Bonteheuwel,7764,-33.94901999999996,18.551920000000052
119,Boquinar,7490,-33.91908999999998,18.421980000000076
120,Borchards Quarry,7490,-33.97759211690278,18.589000264004692
121,Bosbell Estate,7530,-33.896259999999984,18.626640000000066
122,Bosbou,7530,-33.82678994155805,18.636170089541082
123,Boschendal,7945,-34.05752717889373,18.456023726107112
124,Bosonia,7580,-33.92714999999998,18.68214000000006
125,Boston Estate,7530,-34.005795934390555,18.570900207854493
126,Bothasig,7406,-33.85782999999998,18.539180000000044
127,Bothasig,7441,-33.85782999999998,18.539180000000044
128,Boulevard Park,7530,-33.90485190338311,18.61217793307735
129,Bracken Heights,7560,-33.87400999999994,18.67879000000005
130,Bracken Park,7560,-34.10309208380097,18.87156659765789
131,Brackenfell,7560,-33.88426999999996,18.699610000000064
132,Brackenfell,7561,-33.88426999999996,18.699610000000064
133,Brandwag,7130,-33.91559999999998,18.68485000000004
134,Brandwag,7580,-33.91559999999998,18.68485000000004
135,Brandwood,7580,-34.093894960402466,18.466595093936945
136,Brentwood Park,7100,-33.98485999999997,18.654490000000067
137,Bridgebank,7130,-34.09162999999995,18.847800000000063
138,Bridgetown,7764,-33.95534999999995,18.529950000000042
139,Bridgetown,7769,-33.95534999999995,18.529950000000042
140,Bridgewater,7130,-34.08910999999995,18.85313000000008
141,Briza Estate,7130,-33.821349625663764,18.48398432590622
142,Broadlands,7140,-34.12525999999997,18.864180000000033
143,Brooklyn,7405,-33.90770999999995,18.483330000000024
144,Brookside Village,7130,-34.09267501275531,18.862190144969336
145,Browns Farm,7750,-34.00724999999994,18.582040000000063
146,Buitenzorg Village,7441,-34.07215199420528,18.857637186164574
147,Bulties Estate,7130,-34.07219999164037,18.85769004949889
148,Burgundy Estate,7441,-33.83985999999993,18.551630000000046
149,Burundi,7100,-33.91908999999998,18.421980000000076
150,Cafda,7945,-34.023266427509355,18.653386404934622
151,Cambridge Estate,7441,-33.83101150317973,18.64920895121884
152,Camelot,7580,-33.96038999999996,18.670790000000068
153,Camps Bay,8005,-33.949509999999975,18.379020000000025
154,Camps Bay,8040,-33.949509999999975,18.379020000000025
155,Cape Mail,8003,-33.92259999999993,18.55042000000003
156,Cape Mail Speed Services Network,8004,-33.91908999999998,18.421980000000076
157,Cape Town,8000,-33.91908999999998,18.421980000000076
158,Cape Town,8001,-33.91908999999998,18.421980000000076
159,Cape Town International Airport,7525,-33.967619999999954,18.592120000000023
160,Capegate,7562,-33.85387999999995,18.69604000000004
161,Capri Village,7975,-34.068133487353144,18.585189331824616
162,Capricorn,7945,-34.08902999999998,18.485820000000047
163,Capricorn Beach,7945,-34.03606956077014,18.75092980860478
164,Capricorn Park,7945,-34.08786999999995,18.483310000000074
165,Capricorn Square,7945,-34.088239999999985,18.48159000000004
166,Caravelle,7787,-34.063728840227895,18.61741438572128
167,Caravelle,7798,-34.063728840227895,18.61741438572128
168,Carolwood,7975,-33.91908999999998,18.421980000000076
169,Casablanca,7140,-33.91924999999998,18.47022000000004
170,Castle Rock,7975,-34.23300999999998,18.473510000000033
171,Cedarvale,7100,-33.882649999999956,18.635410000000036
172,Cedarville,7100,-33.882649999999956,18.635410000000036
173,Central,8001,-34.13735781120257,18.42965323232787
174,Centurion Business Park,7441,-33.8787781877957,18.50882774174546
175,Century City,7441,-33.893159999999966,18.51451000000003
176,Century City,7446,-33.893159999999966,18.51451000000003
177,Century On Lake,7441,-33.88943999999998,18.505940000000066
178,Century Place,7441,-33.884598417899376,18.520384034697557
179,Chantecler,7550,-33.86221999999998,18.660060000000044
180,Charlesville,7490,-33.958819999999946,18.565260000000023
181,Chelsea Green,7100,-34.008649226088075,18.71936959906391
182,Chempet,7441,-33.85723999999993,18.521460000000047
183,Chempet,7442,-33.85723999999993,18.521460000000047
184,Chrismar Estate,7530,-33.89648194375222,18.64326146918584
185,Churchill Estate,7500,-33.89955999999995,18.579500000000053
186,Clairewood,7100,-34.005799999999965,18.727720000000033
187,Clam Hill,7500,-33.7984799588092,18.461025109729277
188,Clareinch,7740,-34.0074111050077,18.477146014628147
189,Claremont,7708,-33.983499999999935,18.469730000000027
190,Claremont,7735,-33.983499999999935,18.469730000000027
191,Clarendon Estate,7700,-34.09879690064158,18.8450071520296
192,Clarkes Estate,7490,-33.94136997123313,18.590600112728126
193,Clifton,8005,-33.930849999999964,18.376840000000072
194,Clovelly,7975,-34.13182999999998,18.438330000000065
195,Colorado Park,7785,-34.00690988613236,18.5711506916192
196,Competition Mail,8017,-33.91908999999998,18.421980000000076
197,Condor Park,7100,-33.9802094987069,18.557305282425865
198,Coniston Park,7945,-34.076889999999935,18.47407000000004
199,Connaught Estate,7490,-34.00153974250429,18.47591031749673
200,Consort Park,7945,-34.05183995564088,18.47594011969676
201,Constantia,7806,-34.02663999999993,18.425520000000063
202,Constantia,7848,-34.02663999999993,18.425520000000063
203,Constantia Dale,7100,-34.02663999999993,18.425520000000063
204,Constantia Hill Estate,7806,-34.02663999999993,18.425520000000063
205,Constantia Meadows,7800,-34.01408647090145,18.46212840315382
206,Constantia Neck,7806,-34.01197999999994,18.40519000000006
207,Constantia Park,7100,-34.12794999999994,18.854790000000037
208,Constantiavale,7806,-34.02272999999997,18.433670000000063
209,Cormac Park,7580,-33.913719238875636,18.663892803234386
210,Cornuta,7945,-34.059330127296334,18.444517864459776
211,Costa Da Gama,7945,-34.09574999999995,18.481890000000078
212,Country Place,7140,-33.83463798922591,18.67883187677974
213,Cravenby,7493,-33.92243999999994,18.588350000000048
214,Cravenby Estate,7493,-34.04576889826591,18.471155995614744
215,Crawford,7770,-33.974989999999934,18.50523000000004
216,Crawford,7780,-33.974989999999934,18.50523000000004
217,Crest Industria,7490,-33.51826996007854,18.47801007259544
218,Cross Roads,7750,-33.98646999999994,18.590460000000064
219,Croydon,7130,-34.03419999999994,18.751820000000066
220,D'Urbanvale,7550,-33.816569999999956,18.639400000000023
221,Da Gama Park,7975,-34.15826999999996,18.402190000000076
222,Danarand,7580,-33.93671999999998,18.67838000000006
223,Danena,7550,-33.87095999999997,18.640190000000075
224,Dassenberg,7349,-34.108589999999936,18.389020000000073
225,Dassenberg,7350,-34.108589999999936,18.389020000000073
226,De Bron,7530,-33.90310999999997,18.62250000000006
227,De Duin,7500,-33.88494999999995,18.570760000000064
228,De Hague,7100,-33.81867105217777,18.695789059034226
229,De Kuilen,7580,-33.92698999999993,18.677810000000022
230,De La Haye Estate,7530,-33.99578671309543,18.497602794062765
231,De Oude Spruit,7560,-33.928794297493724,18.68631195535992
232,De Tijger,7500,-33.88957999999997,18.594430000000045
233,De Tijgerpark,7500,-33.88549343212504,18.672354843593276
234,De Tuin,7560,-33.85657999999995,18.692170000000033
235,De Waterkant,8001,-33.91441999999995,18.419790000000035
236,Deaconville,7130,-34.06078999999994,18.76634000000007
237,Delft,7100,-33.98507999999998,18.635590000000036
238,Delft,7102,-33.98507999999998,18.635590000000036
239,Delft South,7100,-33.991859999999974,18.634040000000027
240,Delft Voorburg,7100,-33.97061999999994,18.65002000000004
241,Delro Village,7580,-33.98371999999995,18.681560000000047
242,Delropark,7580,-33.91908999999998,18.421980000000076
243,Dennedal,7945,-34.05762024872381,18.43564953913528
244,Dennemere,7580,-33.97989999999993,18.707640000000026
245,Des Hampton,7580,-33.929749999999956,18.67327000000006
246,Devil's Peak Estate,8001,-33.93608999999998,18.430260000000033
247,Devils Peak,8001,-33.95485999999994,18.439440000000047
248,Devon Park,7100,-34.008249999999975,18.729520000000036
249,Devon Park Village,7100,-34.01157999999998,18.724800000000073
250,Dido Valley,7975,-34.17113999999998,18.42626000000007
251,Die Akkers,7530,-33.88407995639559,18.66602890866266
252,Die Bos,7140,-34.10957999999994,18.842900000000043
253,Die Oewers,7580,-33.87996678835282,18.670586928488998
254,Die Wingerd,7130,-34.06764999999996,18.831960000000038
255,Diep River,7800,-34.03428999999994,18.46249000000006
256,Diepwater,7580,-33.963616151641986,18.65700281718126
257,Door De Kraal,7530,-33.86519999999996,18.62223000000006
258,Doordrift Estate,7806,-34.0193129761117,18.46351488798391
259,Doordrift Village,7806,-34.0188551038986,18.461320987279898
260,Doornhoogte,7764,-33.91908999999998,18.421980000000076
261,Dorhill Estate,7130,-34.0741719348469,18.84605688600663
262,Dreyersdal Estate,7945,-34.05321704018229,18.456898655434916
263,Drift Sands,7100,-34.00460999999996,18.650490000000048
264,Drostdy Park,7580,-33.91507999999993,18.670480000000055
265,Drumblair,7945,-34.05891432016143,18.434953380681552
266,Duck Pond Village,7140,-34.111611946600306,18.83937196404924
267,Duinendal,7140,-34.056029999999964,18.44100000000003
268,Dunoon,7438,-33.816449999999975,18.540990000000022
269,Dunoon,7441,-33.816449999999975,18.540990000000022
270,Durbanvale,7550,-33.816569999999956,18.639400000000023
271,Durbanville,7550,-33.83249999999998,18.646990000000073
272,Durbanville,7551,-33.83249999999998,18.646990000000073
273,Durbanville Hills,7550,-33.847129999999936,18.638770000000022
274,Durbell,7550,-33.85441999999995,18.64518000000004
275,Durmonte,7550,-33.81042999999994,18.668780000000027
276,Durrheim,7490,-33.85173386078945,18.649840093520396
277,Durrheim,7491,-33.85173386078945,18.649840093520396
278,Duynefontein,7441,-33.690729999999974,18.447610000000054
279,Eagle Park,7941,-34.05003999999997,18.521810000000073
280,East Rock,7550,-33.871969999999976,18.666310000000067
281,Eastlake,7945,-34.09626496448008,18.47923010051214
282,Eastlake Island,7945,-34.09195683512796,18.47728280169247
283,Eastlake Village,7945,-34.09626496448008,18.47923010051214
284,Eastridge,7785,-34.04775999999998,18.632900000000063
285,Eden Park,7560,-33.87038999999993,18.68038000000007
286,Edgemead,7407,-33.87943999999993,18.54016000000007
287,Edgemead,7441,-33.87943999999993,18.54016000000007
288,Eedervale,7100,-33.91908999999998,18.421980000000076
289,Eerste River,7100,-34.019079999999974,18.72240000000005
290,Eerste River,7103,-34.019079999999974,18.72240000000005
291,Eerste River South,7100,-34.02118999999993,18.73323000000005
292,Eikefontein,7570,-33.91908999999998,18.421980000000076
293,Eikefontein,7571,-33.91908999999998,18.421980000000076
294,Eikenbosch,7530,-33.93742999999995,18.70174000000003
295,Eikendal,7570,-33.85701999999998,18.718380000000025
296,Eindhoven,7100,-33.98049999999995,18.649680000000046
297,Ekuphumleni,7784,-34.04236999999995,18.67076000000003
298,Electric City,7100,-34.01475999999997,18.71252000000004
299,Elfindale Estate,7945,-34.04138999999998,18.47413000000006
300,Elim,7580,-33.923659999999984,18.68548000000004
301,Elnor Estate,7490,-33.93372999999997,18.57791000000003
302,Elonwabeni,7791,-34.01415999999995,18.63689000000005
303,Elsie's River,7480,-33.93842999999998,18.587470000000053
304,Elsie's River,7490,-33.93842999999998,18.587470000000053
305,Elwyn Park,7764,-33.976444384972844,18.51961548066318
306,Eppindust,7460,-33.91908999999998,18.421980000000076
307,Eppindust,7475,-33.91908999999998,18.421980000000076
308,Epping Forest,7490,-33.93507999999997,18.577560000000062
309,Epping Garden Village,7460,-33.92375999999996,18.556620000000066
310,Epping Industrial,7460,-33.93482999999998,18.53902000000005
311,Epping Industrial Area,7460,-33.93482999999998,18.53902000000005
312,Epping Industrial Area,7475,-33.93482999999998,18.53902000000005
313,Erijaville,7140,-33.91908999999998,18.421980000000076
314,Erinvale,7130,-34.062573926864445,18.883530787405544
315,Erinvale Estate,7130,-34.062573926864445,18.883530787405544
316,Eureka Estate,7490,-33.95845592239431,18.478504000423673
317,Europe,7750,-33.982009999999946,18.584130000000073
318,Everglen,7550,-33.856739999999945,18.648150000000044
319,Everite,7560,-33.91908999999998,18.421980000000076
320,Eversdal,7550,-33.85559999999998,18.653980000000047
321,Eversdal Heights,7550,-33.85187999999994,18.64981000000006
322,Factreton,7405,-33.912139999999965,18.52060000000006
323,Faerie Knowe,7975,-34.12908999999996,18.38608000000005
324,Fairdale,7100,-33.984639999999956,18.672790000000077
325,Fairfield Estate,7500,-33.89954999999998,18.593600000000038
326,Fairtrees,7550,-33.83216978214374,18.664030068863184
327,Fairways,7800,-34.02416999999997,18.493260000000078
328,Farmedge,7945,-34.04752842942197,18.446892586893163
329,Farmside,7945,-34.045299155001196,18.446163159707645
330,Faure,7131,-34.02779999999996,18.748520000000042
331,Ferndale,7560,-33.88125999999994,18.677520000000072
332,Ferness Estate,7800,-34.013704052681454,18.499147188219368
333,Fernwood Estate,7700,-34.103536121255416,18.87200152736723
334,Fifth Avenue Village,7764,-33.9118649595938,18.394315093008018
335,Firgrove,7110,-34.055159999999944,18.788860000000057
336,Firgrove,7130,-34.055159999999944,18.788860000000057
337,Fisantekraal,7550,-33.78379999999993,18.716240000000028
338,Fish Hoek,7975,-34.138139999999964,18.42336000000006
339,Fishermans Cove,7941,-34.139559946087914,18.32979011271604
340,Flamingo Square,7441,-33.830299999999966,18.506670000000042
341,Flamingo Village,7441,-34.02068763115032,18.602510283837855
342,Flamingovlei,7441,-33.83252999999996,18.49807000000004
343,Flintdale Estate,7800,-34.03939032198094,18.487803054404793
344,Flora Acres,7800,-34.023949948150644,18.510405080630633
345,Florida,7493,-33.92261999999994,18.594460000000026
346,Foreshore,8001,-33.91724999999997,18.446860000000072
347,Forest Glade,7100,-34.05995999999993,18.43169000000006
348,Forest Glade,7945,-34.05995999999993,18.43169000000006
349,Forest Heights,7100,-34.002899999999954,18.709830000000068
350,Forest Park,7100,-33.87112999999994,18.67608000000007
351,Forest Village,7100,-34.010069999999985,18.709790000000055
352,Fountain Mews,7490,-33.878172457904846,18.629891332430393
353,Fountain Village,7100,-33.986279999999965,18.68264000000005
354,Freedom Park,7780,-33.94844999999998,18.59770000000003
355,Freedom Park,7785,-33.94844999999998,18.59770000000003
356,Fresnaye,8005,-33.92270999999994,18.387890000000027
357,Froggy Pond,7975,-33.91908999999998,18.421980000000076
358,Frogmore Estate,7945,-34.07781475985785,18.458173476308517
359,Gants Park,7140,-34.067627564900995,18.57362113973579
360,Garden Village,7130,-34.08782999999994,18.838540000000023
361,Garden Village,7405,-34.08782999999994,18.838540000000023
362,Gardens,8001,-33.93337999999994,18.408000000000072
363,Garlandale Estate,7780,-33.961677545965195,18.501257265783682
364,Gatesville,7764,-33.98007999999993,18.53033000000005
365,Gatesville,7766,-33.98007999999993,18.53033000000005
366,Gaylands,7806,-34.02335999999997,18.440150000000074
367,Gaylee,7580,-33.97437999999994,18.700870000000066
368,Gleemoor,7764,-33.96485999999993,18.512550000000033
369,Glen Alphine,7806,-34.008779999999945,18.40862000000004
370,Glen Alphine Estate,7806,-34.05684495766501,18.4603850676028
371,Glen Eagles,7945,-33.817902202542896,18.634801201467024
372,Glen Ive,7550,-33.87203999999997,18.661670000000072
373,Glen Lilly,7500,-33.94798726498971,18.7006034958486
374,Glen Marine,7975,-34.167989999999975,18.427180000000078
375,Glenabbot,7806,-33.91908999999998,18.421980000000076
376,Glencairn,7975,-34.16382999999996,18.43106000000006
377,Glencairn Heights,7975,-34.15164999999996,18.427490000000034
378,Glenhaven Estate,7530,-33.91382949780644,18.654228294813045
379,Glenwood,7460,-33.897599999999954,18.53609000000006
380,Glosderry,7702,-33.985548870889836,18.486364961345068
381,Goedehoop,7140,-34.09943999999996,18.83272000000005
382,Goedemoed,7550,-33.822319999999934,18.67390000000006
383,Golden Acre,7130,-34.073969999999974,18.864930000000072
384,Golden Hill,7130,-34.066119999999955,18.866300000000024
385,Golf Estate,7800,-34.02038996527921,18.492250087900203
386,Golf Links Estate,7800,-34.12773766911913,18.40429090132812
387,Goodness,7460,-33.91908999999998,18.421980000000076
388,Goodwood,7459,-33.906379999999956,18.551450000000045
389,Goodwood,7460,-33.906379999999956,18.551450000000045
390,Goodwood Park,7460,-33.908592131504754,18.547827387251797
391,Goodwood West,7460,-33.906379999999956,18.551450000000045
392,Goolhurst,7941,-33.88681995863412,18.71602008059436
393,Gordon's Bay,7140,-34.155599999999936,18.876780000000053
394,Gordon's Bay,7151,-34.155599999999936,18.876780000000053
395,Graanendal,7550,-33.81287999999995,18.676920000000052
396,Graceland,7784,-34.04112999999995,18.672880000000077
397,Granger Bay,8005,-33.89985999999993,18.412460000000067
398,Grangor Bay,8005,-33.89985999999993,18.412460000000067
399,Grassy Park,7888,-34.04712999999998,18.500820000000033
400,Grassy Park,7941,-34.04712999999998,18.500820000000033
401,Green Peace Village,7780,-33.99396496778073,18.686925111658383
402,Green Point 2,8005,-33.90097999999995,18.398880000000077
403,Green Point 2,8051,-33.90097999999995,18.398880000000077
404,Greenfield,7140,-33.98168999999996,18.69971000000004
405,Greenfield,7580,-33.98168999999996,18.69971000000004
406,Greenfields Park,7800,-33.860819944581394,18.63697508752206
407,Greenhaven,7764,-33.97722496603487,18.540770117445277
408,Greenhill Village,7785,-34.12823469588319,18.41784815033508
409,Greenland,7530,-33.92555999999996,18.630700000000047
410,Greenpoint,7784,-33.91066999999998,18.407570000000078
411,Greenways,7140,-34.137359999999944,18.847140000000024
412,Griffiths Mxenge,7784,-34.04458999999997,18.68110000000007
413,Groenendal,7530,-33.81534394367458,18.675314103386814
414,Groenvallei,7530,-33.89125999999993,18.67035000000004
415,Groenvlei,7780,-33.95063522443139,18.677271912262515
416,Groote Schuur,7925,-33.93968088007411,18.463579139294588
417,Groote Schuur Hospital,7925,-33.94097999999997,18.46145000000007
418,Guguletu,7750,-33.97897999999998,18.56594000000007
419,Guguletu,7751,-33.97897999999998,18.56594000000007
420,Guguletu Hostels,7750,-33.97897999999998,18.56594000000007
421,Guguletu Mall,7753,-33.986674995246695,18.56744479420899
422,Guguletu Square,7753,-33.98620999999997,18.566620000000057
423,Gulden Park,7140,-34.11751170128457,18.849412322288543
424,Gustrow,7140,-34.13513999999998,18.851890000000026
425,Haasendal,7580,-33.906284322102714,18.701208185494917
426,Hagley,7580,-33.959029999999984,18.68037000000004
427,Halfway Industria,7140,-33.51826996007854,18.47801007259544
428,Hamilton Estate,7100,-34.03246154014561,18.47355716211062
429,Hampton Estate,7780,-33.82655448394076,18.6408717672672
430,Hanover Park,7780,-33.99493999999993,18.53108000000003
431,Happy Valley,7580,-33.97329999999994,18.684930000000065
432,Harare,7784,-34.05539999999996,18.671880000000044
433,Harbour Island,7140,-34.14888999999994,18.85796000000005
434,Hardwick Estate,7700,-33.969763693606474,18.471435404981104
435,Harfield Village,7708,-33.9921462189303,18.4725284198536
436,Hatton,7764,-33.980009999999936,18.53236000000004
437,Hatton Estate,7764,-34.07439153837328,18.454240137107575
438,Hawthorne Estate,7945,-33.95966496270134,18.70211508995952
439,Hazeldene,7750,-33.960794968977936,18.47391509379908
440,Hazelwood Park,7975,-33.802283891344274,18.482130450871484
441,Hazendal,7764,-33.954759999999965,18.505010000000027
442,Heather Park,7100,-34.00619999999998,18.71733000000006
443,Heatherley Estate,7780,-33.983377028257756,18.49696473482261
444,Heathfield,7945,-34.04697999999996,18.465550000000064
445,Hebron,7560,-33.88058996241567,18.66937009555724
446,Heemstead,7530,-33.892499999999984,18.66936000000004
447,Heemstede,7530,-33.892499999999984,18.66936000000004
448,Heideveld,7764,-33.96581999999995,18.555060000000026
449,Heinz Park,7785,-34.01592999999997,18.59776000000005
450,Helderberg,7130,-34.10211999999996,18.87271000000004
451,Helderberg,7135,-34.10211999999996,18.87271000000004
452,Helderberg Industrial Park,7140,-34.119039999999984,18.87429000000003
453,Helderberg Park,7140,-34.12773999999996,18.85465000000005
454,Helderrant,7130,-33.92992415270022,18.701803261044272
455,Helderview,7130,-34.09280999999993,18.841940000000022
456,Heldervue,7130,-34.05952999999994,18.823190000000068
457,Helderzicht,7130,-34.08848999999998,18.836050000000057
458,Helena Heights,7130,-34.05762999999996,18.834790000000055
459,Heritage Park,7130,-34.102089999999976,18.861470000000054
460,Hermon Park,7570,-33.812668062493685,18.663855352997075
461,Heyns Park,7785,-33.824179999999956,18.49105000000003
462,Hiddingh Estate,7700,-33.93481844142663,18.41694483471508
463,Higgovale,8001,-33.933329999999955,18.400000000000034
464,High Cape,8000,-33.93772163379318,18.432379089105645
465,High Cape,8001,-33.93772163379318,18.432379089105645
466,High Places,7100,-33.83294809242281,18.639319589033377
467,Highbury,7580,-33.94755999999995,18.677700000000073
468,Highbury Park,7580,-33.953089999999975,18.67461000000003
469,Highgate,7580,-33.971059999999966,18.67476000000005
470,Highlands Estate,8001,-34.0285525841952,18.598426707776948
471,Hillcrest,7100,-34.003619999999955,18.702310000000068
472,Hillcrest,7560,-34.003619999999955,18.702310000000068
473,Hillrise,7530,-33.89689999999996,18.640690000000063
474,Hillview,7100,-33.99548999999996,18.707260000000076
475,Hillview,7945,-33.99548999999996,18.707260000000076
476,Hindle Park,7580,-33.98316999999997,18.678720000000055
477,Hoheizen,7530,-33.88552999999996,18.620610000000056
478,Hohenort,7806,-33.99759963074872,18.427365760506056
479,Holomisa,7784,-34.01029869662433,18.57222613976463
480,Hoogstede,7560,-33.87538999999998,18.673920000000066
481,Houghton Place,7100,-34.02221340515412,18.733482391396542
482,Hout Bay,7806,-34.040959999999984,18.350230000000067
483,Hout Bay,7872,-34.040959999999984,18.350230000000067
484,Hout Bay Heights,7806,-34.033019999999965,18.36247000000003
485,Hout Bay Heights Estate,7806,-34.180444689454745,18.422431040265757
486,Howard Hamlet,7405,-34.03818236724387,18.45523245198236
487,Howard Place,7450,-33.93366999999995,18.510290000000055
488,Hunters Manor,7800,-34.01115226053549,18.37880689631015
489,Hurley Estate,7700,-33.94958897404338,18.483677331643293
490,Hydepark,7785,-33.87761999999998,18.50505000000004
491,I.C.G. (Pty) Ltd,8024,-33.91908999999998,18.421980000000076
492,Ikwezi Park,7784,-34.01472999999993,18.627300000000048
493,Ilitha Park,7784,-34.04800999999998,18.662000000000035
494,Imarike,7752,-33.91908999999998,18.421980000000076
495,Imhoff's Gift,7975,-34.142709999999965,18.34997000000004
496,Imizamo Yethu,7806,-34.03044999999997,18.360110000000077
497,Industrial Area,7140,-33.91474999999997,18.647460000000024
498,Jagtershof,7580,-33.94104999999996,18.700800000000072
499,Jakarandas,7580,-33.928349999999966,18.70482000000004
500,Joe Slovo,7455,-34.02257450362212,18.578904572091293
501,Joe Slovo Camp,7441,-34.02257450362212,18.578904572091293
502,Joe Slovo Park,7441,-33.873539999999934,18.510500000000036
503,Joostenberg Vlakte,7570,-33.81491999999997,18.732230000000072
504,Joubert Park,7530,-33.898109999999974,18.69673000000006
505,Kaapsig,7560,-33.89847999999995,18.697240000000022
506,Kaapzicht,7500,-33.88578999999993,18.565660000000037
507,Kalk Bay,7975,-34.12644999999998,18.44930000000005
508,Kalk Bay,7990,-34.12644999999998,18.44930000000005
509,Kalkfontein,7580,-33.94575999999995,18.665460000000053
510,Kalksteenfontein,7490,-33.95291999999995,18.565620000000024
511,Kanana,7750,-33.96948999999995,18.573030000000074
512,Kanonberg,7530,-33.85988999999995,18.59600000000006
513,Kapteinsbaai,7441,-33.91908999999998,18.421980000000076
514,Karee Park,7560,-34.05469495759098,18.77963507956808
515,Kasselsvlei,7530,-33.914835907963294,18.64649199541168
516,Kasselsvlei,7533,-33.914835907963294,18.64649199541168
517,Kempenville,7530,-33.89979999999997,18.635880000000043
518,Kenilworth,7708,-33.99599999999998,18.468740000000025
519,Kenilworth,7745,-33.99599999999998,18.468740000000025
520,Kenilworth,7780,-33.99599999999998,18.468740000000025
521,Kenilworth,8301,-33.99599999999998,18.468740000000025
522,Kenilworth Park,7708,-33.99115962737249,18.4738624910771
523,Kenridge,7530,-33.856829999999945,18.63785000000007
524,Kenridge,7550,-33.856829999999945,18.63785000000007
525,Kenridge Estate,7550,-33.862524970370586,18.633625050370412
526,Kenridge Heights,7550,-33.849899999999934,18.632880000000057
527,Kensington,7405,-33.91406999999998,18.50464000000005
528,Kenwyn,7780,-33.91908999999998,18.421980000000076
529,Kenwyn,7790,-33.91908999999998,18.421980000000076
530,Kernkrag,7440,-33.91908999999998,18.421980000000076
531,Kernkrag,7441,-33.91908999999998,18.421980000000076
532,Kewtown,7764,-33.95912999999996,18.51517000000007
533,Khanya Park,7784,-33.99112496943731,18.590175108327614
534,Khayelitsha,7783,-34.02003999999994,18.673190000000034
535,Khayelitsha,7784,-34.02003999999994,18.673190000000034
536,Khayelitsha Mall,7792,-34.04735999999997,18.672060000000045
537,Khulani Park,7784,-34.06471994429115,18.686739795829162
538,Killarney Gardens,7441,-33.82708999999994,18.53445000000005
539,Kine Park,7560,-33.87199999999996,18.69631000000004
540,Kingston,7530,-33.89730999999995,18.635240000000067
541,Kirstenbosch,7708,-33.98685176089086,18.43845766618941
542,Kirstenhof,7945,-34.07078999999993,18.451720000000023
543,Klaasenbosch,7806,-34.00830784087552,18.428997862614754
544,Klein Dassenberg,7358,-33.588407934345405,18.553223323210364
545,Klein Dreyersdal,7945,-34.060869999999966,18.45165000000003
546,Klein Leeukop Estate,7806,-34.02640540613159,18.347696031689704
547,Klein Nederburg,7550,-33.82958999999994,18.668240000000026
548,Klein Turf Hall Estate,7780,-34.011049999999955,18.51947000000007
549,Klein Wassenaar,7945,-34.082485181739386,18.45243537555217
550,Klein Welgemoed,7530,-33.86179666071515,18.61919096838691
551,Kleinbosch,7500,-33.86149999999998,18.564620000000048
552,Kleinbron,7560,-33.852589999999964,18.69315000000006
553,Kleinbron Estate,7560,-33.84759999999994,18.689980000000048
554,Kleinbron Park,7560,-33.84923999999995,18.689140000000066
555,Kleinvlei,7100,-33.98823999999996,18.71144000000004
556,Kleinvlei Annex,7100,-33.98823999999996,18.71144000000004
557,Klipdam,7580,-33.931419999999946,18.68455000000006
558,Klipfontein,7750,-34.24165999999997,18.42874000000006
559,Klipheuwel,7303,-33.69867999999997,18.69891000000007
560,Klipheuwel,7550,-33.69867999999997,18.69891000000007
561,Kloofnek,8001,-33.92991883826454,18.40917895509811
562,Kloofzicht,7580,-33.89331354024102,18.708789319626526
563,Knole Park,7941,-34.03202999999996,18.52625000000006
564,Koeberg,7441,-33.71509999999995,18.55776000000003
565,Kommetjie,7975,-34.14027999999996,18.329310000000078
566,Kommetjie,7976,-34.14027999999996,18.329310000000078
567,Kosovo,7785,-33.91908999999998,18.421980000000076
568,Kraaifontein,7569,-33.851459999999975,18.730930000000058
569,Kraaifontein,7570,-33.851459999999975,18.730930000000058
570,Kraaifontein North,7572,-33.84564999999998,18.718060000000037
571,Kreupelbosch,7945,-34.03356729175779,18.44256254634757
572,Kronenzicht Estate,7806,-34.026119999999935,18.342210000000023
573,Kuils River,7579,-33.91226999999998,18.68835000000007
574,Kuils River,7580,-33.91226999999998,18.68835000000007
575,Kuyasa,7784,-34.05835999999994,18.688570000000027
576,La Concorde,7130,-34.05908999999997,18.844840000000033
577,La Concordia,7130,-34.006715571166595,18.729577491599592
578,La Montaque,7570,-33.85003971987415,18.525919703419966
579,La Montegne,7570,-34.04974999999996,18.81173000000007
580,La Paloma,7441,-34.114226413810265,18.838766466306062
581,La Rochelle,7530,-33.880289999999945,18.656800000000032
582,La Sandra,7130,-34.06150999999994,18.851990000000058
583,Labella Park,7530,-34.14347268891031,18.860699286827263
584,Labiance Estate,7530,-33.909993965689125,18.657771497481956
585,Lake Michelle,7975,-34.113054157318444,18.38157756501837
586,Lakeside,7945,-34.08600999999993,18.45742000000007
587,Lakeview,7945,-34.061391502892015,18.465056354299865
588,Lancia Park,7560,-33.99123219638015,18.53288614615918
589,Land En Zeezicht,7130,-34.07740999999993,18.869930000000068
590,Landskroon,7560,-33.85226982901417,18.60777768056563
591,Langa,7455,-33.94549999999998,18.533420000000035
592,Langa,7456,-33.94549999999998,18.533420000000035
593,Langeberg Glen,7570,-33.834769999999935,18.694800000000043
594,Langeberg Heights,7570,-33.82683352909649,18.66029446140069
595,Langeberg Hills,7550,-33.82683352909649,18.66029446140069
596,Langeberg Rand,7550,-34.20218999999997,18.416670000000067
597,Langeberg Ridge,7550,-33.844709999999964,18.69073000000003
598,Langeberg Village,7550,-33.83316999999994,18.66942000000006
599,Lansdowne,7779,-33.98711999999995,18.50233000000003
600,Lansdowne,7780,-33.98711999999995,18.50233000000003
601,Las Vegas,7785,-34.027169633804206,18.590062108419975
602,Lavender Hill,7945,-34.06712999999996,18.48667000000006
603,Lavistown,7465,-33.95000999999996,18.58418000000006
604,Lavistown,7490,-33.95000999999996,18.58418000000006
605,Leiden,7100,-33.96772999999996,18.63948000000005
606,Lentegeur,7785,-34.03145999999998,18.61606000000006
607,Lentegeur,7786,-34.03145999999998,18.61606000000006
608,Leonsdale,7490,-33.91949999999997,18.57639000000006
609,Lieben Glen,7530,-33.91908999999998,18.421980000000076
610,Lincoln Estate,7764,-33.91432995158915,18.390200081463064
611,Lingelethu West,7765,-34.01635116124151,18.639603781085096
612,Lingelethu West,7784,-34.01635116124151,18.639603781085096
613,Links,7130,-34.071549999999945,18.835680000000025
614,Llandudno,7806,-34.01151999999996,18.341030000000046
615,Loevenstein,7530,-33.886049999999955,18.610400000000027
616,London Village,7785,-33.928499957047634,18.46413508917398
617,Long Beach Village,7975,-34.204274731445,18.37241914170241
618,Longdown Estate,7130,-34.09204999999997,18.856360000000052
619,Lost City,7785,-33.91908999999998,18.421980000000076
620,Lotus River,7805,-34.03436999999997,18.51257000000004
621,Lotus River,7941,-34.03436999999997,18.51257000000004
622,Loumar Estate,7530,-33.90429494851469,18.658820087396933
623,Louw's Bush,7490,-33.98798798393746,18.587165547549105
624,Lower Crossroads,7750,-34.01030715860103,18.61211008384326
625,Lusaka,7750,-33.98341999999997,18.588630000000023
626,Luvuyo Park,7784,-34.01667782495855,18.635611597488232
627,Luyoloville,7750,-33.96749999999997,18.56403000000006
628,Luzuko,7750,-33.98149743828916,18.562441102773395
629,Lwandle,7140,-34.11814999999996,18.86602000000005
630,Lwandle,7143,-34.11814999999996,18.86602000000005
631,Lynfrae Estate,7708,-33.97617282523009,18.477922339554926
632,Mabille Park,7580,-33.917839999999956,18.669770000000028
633,Macassar,7130,-34.057429999999954,18.761610000000076
634,Macassar,7134,-34.057429999999954,18.761610000000076
635,Maitland,7404,-33.92286999999993,18.486910000000023
636,Maitland,7405,-33.92286999999993,18.486910000000023
637,Makhaza,7784,-33.91908999999998,18.421980000000076
638,Makhaza,7792,-33.91908999999998,18.421980000000076
639,Malagas Park,7441,-34.062029999999936,18.59627000000006
640,Malibu Village,7100,-33.99596999999994,18.69378000000006
641,Malunga Park,7750,-34.117219999999975,18.865910000000042
642,Mamre,7347,-33.51354999999995,18.475730000000055
643,Mamre,7349,-33.51354999999995,18.475730000000055
644,Mandalay,7785,-34.01472999999993,18.627300000000048
645,Mandela Park,7784,-34.04881999999998,18.68545000000006
646,Mandela Park,7806,-34.04881999999998,18.68545000000006
647,Manenberg,7764,-33.98315999999994,18.551810000000046
648,Manenberg,7767,-33.98315999999994,18.551810000000046
649,Manyanani,7794,-34.062063704855944,18.69544582976294
650,Marina Da Gama,7945,-34.08710999999994,18.47407000000004
651,Marina Estate,7945,-33.927821767681195,18.380823523374318
652,Marina Moorings,7945,-33.91010343917151,18.41895618653085
653,Marinda Park,7580,-33.914949999999976,18.66506000000004
654,Marlborough Park,7560,-33.85916999999995,18.68939000000006
655,Martinville,7130,-34.08453999999995,18.853680000000054
656,Marvin Park,7130,-34.061759999999936,18.77720000000005
657,Masiphumelele,7975,-34.12856999999997,18.372840000000053
658,Matroosfontein,7489,-33.938639999999964,18.572750000000042
659,Matroosfontein,7490,-33.938639999999964,18.572750000000042
660,Mayfield Village,7780,-34.007775072785705,18.51227717691376
661,Maynardville,7800,-34.00730999999996,18.463350000000048
662,Mdc,7800,-33.91908999999998,18.421980000000076
663,Meadowridge,7806,-34.03201999999993,18.452840000000037
664,Melkbos,7441,-33.94563994321303,18.61711010272481
665,Melkbosstrand,7441,-33.72738999999996,18.445760000000064
666,Melton Rose,7100,-33.81812496055761,18.538715084334243
667,Melton Rose,7101,-33.81812496055761,18.538715084334243
668,Melton Village,7100,-33.99836756510492,18.7214370282118
669,Merrydale,7785,-34.059349928800785,18.61939575690786
670,Merrydale Park,7785,-34.059349928800785,18.61939575690786
671,Metro,7405,-33.896349999999984,18.482500000000073
672,Metro Industrial Township,7405,-33.896349999999984,18.482500000000073
673,Meyerhof,7530,-33.90618999999998,18.660220000000038
674,Mfuleni,7100,-34.00312999999994,18.686710000000062
675,Mibille Park,7580,-33.917839999999956,18.669770000000028
676,Midhurst Estate,7806,-34.01990056821808,18.4505498359125
677,Midpine,7140,-34.14365873770933,18.86738545304166
678,Mikro Park,7580,-33.93205999999998,18.693070000000034
679,Milkwood Park,7975,-33.89448999999996,18.547650000000033
680,Millers Point,7995,-34.23141999999996,18.47592000000003
681,Milnerton,7441,-33.87096999999994,18.50031000000007
682,Milnerton Ridge,7441,-33.85251999999997,18.50840000000005
683,Mimosa,7530,-33.918699999999944,18.643140000000074
684,Mission Ground,7130,-34.12077999999997,18.90375000000006
685,Mitchells Plain,7785,-34.05123999999995,18.62077000000005
686,Modderdam,7490,-33.947299999999984,18.596740000000068
687,Montagu Village,7945,-34.05483313713842,18.611823736354026
688,Montagu's Gift,7941,-34.02709260139338,18.50314068792866
689,Montague Gardens,7441,-33.86017999999996,18.52111000000002
690,Montana,7490,-33.95898999999997,18.571860000000072
691,Montclair,7130,-34.06397999999996,18.848100000000045
692,Montclair,7785,-34.06397999999996,18.848100000000045
693,Monte Video,7490,-33.965769999999964,18.574640000000045
694,Monte Vista,7460,-33.88068999999996,18.557770000000062
695,Monte Vista,7463,-33.88068999999996,18.557770000000062
696,Monterey Estate,7806,-33.99553325457425,18.44930310020186
697,Montrose Park,7785,-33.94129954374014,18.411497765104148
698,Montserrat,7130,-34.10662929465586,18.872489231114972
699,Mooigezight,7530,-33.858476114689445,18.630798823626357
700,Mooiverwacht,7530,-33.87607534637962,18.655617187378507
701,Morgan Village,7785,-34.041339999999934,18.592960000000062
702,Morgenster,7560,-33.86725999999993,18.697590000000048
703,Morgenster,7785,-33.86725999999993,18.697590000000048
704,Morgenster,7792,-33.86725999999993,18.697590000000048
705,Morgenster Heights,7560,-33.84447171732433,18.6412064541296
706,Morgenzon Heights,7560,-33.94828495753383,18.646820093806284
707,Morningside,7130,-34.07550999999995,18.87826000000007
708,Morningside,7945,-34.07550999999995,18.87826000000007
709,Morningstar,7550,-33.82744999999994,18.655610000000024
710,Morningstar,7806,-33.82744999999994,18.655610000000024
711,Mouille Point,8005,-33.900049999999965,18.40527000000003
712,Mount View,7530,-33.888356852557415,18.601944358822276
713,Mount View,7780,-33.888356852557415,18.601944358822276
714,Mountain Side,7140,-34.15618999999998,18.878940000000057
715,Mountain Side,7151,-34.15618999999998,18.878940000000057
716,Mountain View Village,7945,-33.53376882505266,18.576788432499956
717,Mowbray,7700,-33.948189999999954,18.478710000000035
718,Mowbray,7705,-33.948189999999954,18.478710000000035
719,Muizenberg,7945,-34.106559999999945,18.47159000000005
720,Muizenberg,7950,-34.106559999999945,18.47159000000005
721,Murdoch Valley,7975,-34.20750999999996,18.457620000000077
722,Mutualpark,7451,-33.92420999999996,18.507640000000038
723,N1 City,7460,-33.89277999999996,18.560520000000054
724,N1 City,7463,-33.89277999999996,18.560520000000054
725,Nature's Valley,7130,-33.82398999999998,18.64653000000004
726,Ndabeni,7405,-33.92740999999995,18.49225000000007
727,Nerina,7550,-33.82179999999994,18.645760000000053
728,Nerissa Estate,7780,-33.99082999999996,18.509450000000072
729,Netreg,7764,-33.95461956154673,18.56291575766775
730,New Cross Roads,7750,-33.99643999999995,18.586640000000045
731,New Green Point,7784,-33.91066999999998,18.407570000000078
732,New Horizon,7100,-34.01070609451917,18.716292955067217
733,New Macassar Village,7130,-34.05053296200485,18.75344008120493
734,New Tafelsig,7785,-34.06107999999995,18.637680000000046
735,New Woodlands,7785,-34.027679999999975,18.602540000000033
736,Newfields,7764,-33.98554999999993,18.53108000000003
737,Newfields,7780,-33.98554999999993,18.53108000000003
738,Newlands,7700,-33.97402999999997,18.45587000000006
739,Newlands Hostel,7750,-33.97402999999997,18.45587000000006
740,Newrest,7750,-33.96537999999998,18.566260000000057
741,Nieuw Nooiensfontein,7580,-33.93898994857209,18.67682372160472
742,Nirvana Estate,7806,-34.024368544642606,18.444492223192814
743,Nkanini,7784,-34.058919999999944,18.704350000000034
744,Nobel Park,7530,-33.90041999999994,18.640040000000056
745,Nobuhle,7784,-34.1237656213605,18.865362910376966
746,Nomzamo,7140,-34.11098999999996,18.860280000000046
747,Nomzamo,7144,-34.11098999999996,18.860280000000046
748,Nomzamo Informal,7140,-33.820163765558725,18.540691406834917
749,Nonkqubela,7784,-34.12863449287634,18.375541630293014
750,Nonkqubela,7793,-34.12863449287634,18.375541630293014
751,Nontsizana,7750,-33.91908999999998,18.421980000000076
752,Nooiensfontein,7580,-33.93898994857209,18.67682372160472
753,Nooitgedacht,7490,-33.95540999999997,18.581360000000075
754,Norfolk Park,7945,-34.0781950545986,18.46082175911398
755,Normandi,7570,-33.87697777476684,18.56932718919278
756,North Gate,7500,-33.88530999999995,18.57929000000007
757,North Gate Estate,7500,-33.91552999999993,18.485990000000072
758,North Pine,7560,-33.866469999999936,18.714470000000063
759,North Shore Estate,7806,-34.04497101172977,18.34868133643663
760,Norton Square,7441,-33.82054979397421,18.492006395256766
761,Norwood Estate,7490,-33.88107188521965,18.49427621635931
762,Nova Constantia,7806,-34.04123999999996,18.429470000000038
763,Nuweland,7700,-33.97633999999994,18.44999000000007
764,Nyanga,7750,-33.98820999999998,18.58286000000004
765,Nyanga,7755,-33.98820999999998,18.58286000000004
766,Nyanga East,7750,-33.98820999999998,18.58286000000004
767,Nyanga Junction,7756,-33.99259999999998,18.560040000000072
768,O'Kennedyville,7550,-33.871429999999975,18.642160000000047
769,Oak Glen,7530,-33.956838317225916,18.473002669249777
770,Oakdale Estate,7530,-34.07330349103582,18.85220746695665
771,Oakdene,7580,-33.938139999999976,18.67563000000007
772,Oakridge,7806,-34.038975209039684,18.460024355934117
773,Oakridge Estate,7806,-34.038975209039684,18.460024355934117
774,Observatory,7925,-33.937809999999956,18.46867000000003
775,Observatory,7935,-33.937809999999956,18.46867000000003
776,Ocean Peaks,7140,-33.86944999999997,18.643020000000035
777,Ocean View,7975,-34.14353999999997,18.351820000000032
778,Okavango Park,7560,-33.86080999999996,18.70044000000007
779,Old Cross Roads,7750,-33.98646999999994,18.590460000000064
780,Old Oak,7530,-33.872107419586584,18.639610563516797
781,Old Oak,7537,-33.872107419586584,18.639610563516797
782,Olivine Estate,7780,-33.98385494667285,18.501645069802947
783,On The Bay,7798,-34.09414495066467,18.830830067783054
784,Onverwaght,7140,-33.88915400842508,18.666044037556105
785,Onze Molen,7550,-33.83140780135712,18.639627033983864
786,Oostersee,7500,-33.89633999999995,18.603750000000048
787,Oranjezicht,8001,-33.93874999999997,18.414150000000063
788,Orchard Village,7945,-33.88055475574545,18.49476795143909
789,Ottery,7800,-34.01724999999993,18.51416000000006
790,Ottery,7808,-34.01724999999993,18.51416000000006
791,Oude Molen Village,7405,-33.94319999999993,18.490180000000066
792,Oude Westehof,7530,-33.858679999999936,18.602590000000077
793,Oudekraal,8005,-33.98357999999996,18.35826000000003
794,Paarden Island,7405,-33.78174839183348,18.45526840082313
795,Paardeneiland,7405,-33.91637999999995,18.471070000000054
796,Paardevlei,7130,-34.08818999999994,18.830490000000054
797,Palm Park,7460,-33.99603999999994,18.719800000000077
798,Panorama,7500,-33.87922999999995,18.576630000000023
799,Panorama,7506,-33.87922999999995,18.576630000000023
800,Parel Valley,7130,-34.06373534278431,18.85956949475935
801,Park 2000,7560,-33.86809999999997,18.53893000000005
802,Park Estate,7700,-34.1082399590445,18.866890104891212
803,Park Island,7945,-34.0883989328869,18.477009668715112
804,Park Village,7100,-33.99491999999998,18.711940000000027
805,Parkdrive,7441,-33.98415495594226,18.562840087601373
806,Parkgate,7441,-33.91908999999998,18.421980000000076
807,Parklands,7441,-33.81360999999998,18.506850000000043
808,Parklands North,7441,-33.81925997502136,18.50351975974523
809,Parktown,7764,-33.86809999999997,18.53893000000005
810,Parkview,7785,-33.81234154689543,18.492798648606797
811,Parkview Village,7550,-34.018709959470996,18.42777007651877
812,Parkwood Estate,7941,-33.956838317225916,18.473002669249777
813,Parliament,8007,-33.989257321610644,18.67580048400534
814,Parow,7499,-33.90876999999995,18.58597000000003
815,Parow,7500,-33.90876999999995,18.58597000000003
816,Parow East,7500,-33.90482999999995,18.602700000000027
817,Parow East,7501,-33.90482999999995,18.602700000000027
818,Parow Industria,7493,-33.93495999999993,18.60698000000008
819,Parow North,7500,-33.889399999999966,18.584850000000074
820,Parow Valley,7500,-33.91288999999995,18.592620000000068
821,Parow West,7500,-33.90799705343167,18.591230503821457
822,Pasadena Heights,7798,-34.043524930544685,18.47160081105775
823,Pasedena,7798,-34.043524930544685,18.47160081105775
824,Pearl Rise,7130,-34.06824231336337,18.53349930538783
825,Peerless Park,7570,-33.83850999999993,18.72040000000004
826,Peerless Park East,7570,-33.84532999999993,18.720530000000053
827,Peerless Park North,7570,-33.83850999999993,18.72040000000004
828,Peerless Park West,7570,-33.849809999999934,18.71497000000005
829,Peers Hill Estate,7975,-33.909324428194964,18.402294952214454
830,Pekalmy Estate,7945,-34.046835625817735,18.447648827023325
831,Pelican Bay,7798,-34.08091495469255,18.54119005079437
832,Pelican Heights,7941,-34.080119999999965,18.54558000000003
833,Pelican Park,7941,-34.05784999999997,18.522440000000074
834,Penhill,7100,-33.994219999999984,18.732620000000054
835,Penlyn Estate,7780,-33.98252999999994,18.521070000000066
836,Penny Lane,7560,-33.86277480973757,18.578767881146952
837,Penzance Estate,7806,-34.03401999999994,18.35991000000007
838,Perm Gardens,7100,-33.99723999999998,18.719080000000076
839,Perreira,7580,-33.922553328832734,18.67774399903093
840,Phakamisa,7784,-34.007294825009346,18.567520076152743
841,Philadelphia,7304,-33.66639999999995,18.577060000000074
842,Philippi,7750,-34.01605999999998,18.53707000000003
843,Philippi,7781,-34.01605999999998,18.53707000000003
844,Philippi East,7785,-34.01065999999997,18.595800000000054
845,Philippi Park,7750,-34.00589999999994,18.596660000000043
846,Phisantekraal,7550,-33.783961552633684,18.71653080430656
847,Phoenix,7441,-33.874529999999936,18.50660000000005
848,Phola Park,7750,-34.00130999999993,18.563780000000065
849,Phumilani Village,7941,-34.029192851363064,18.676320693062745
850,Pinati Estate,7780,-33.99249999999995,18.517970000000048
851,Pine Place,7100,-33.99777999999998,18.709230000000048
852,Pinegrove,7130,-33.86834885309062,18.70890230319779
853,Pinehurst,7550,-34.018176804550606,18.436074956663166
854,Pinelands,7405,-33.93525999999997,18.506920000000036
855,Pinelands,7430,-33.93525999999997,18.506920000000036
856,Pinetree Village,7460,-33.9399149566609,18.429090058630834
857,Pineview,7570,-33.90874272911129,18.405871587753037
858,Pionier Park,7580,-33.912109999999984,18.681820000000073
859,Plaas Firlands,7130,-33.97089088261464,18.49059956473763
860,Plattekloof,7500,-33.881249999999966,18.58821000000006
861,Plattekloof Glen,7460,-33.88805999999994,18.558430000000044
862,Plumstead,7800,-34.02229999999997,18.467160000000035
863,Plumstead,7801,-34.02229999999997,18.467160000000035
864,Pollsmoor,7945,-34.06850999999995,18.432250000000067
865,Portia Estate,7780,-34.013146472379525,18.733844678271684
866,Portland Park,7560,-33.882709999999975,18.639890000000037
867,Portlands,7785,-34.04986999999994,18.614420000000052
868,Potsdam,7441,-33.81423297810873,18.538500571328722
869,Primrose Park,7764,-33.981529999999964,18.54391000000004
870,Prince George Meadows,7800,-34.050092184491184,18.487364283154403
871,Princessvlei,7800,-34.03924495169858,18.4807350712273
872,Protea Heights,7560,-33.88738999999998,18.703020000000038
873,Protea Park,7349,-33.575669999999946,18.496600000000058
874,Protea Valley,7530,-33.82308318749186,18.65107051804776
875,Protea Village,7560,-33.881869999999935,18.71756000000005
876,Proteaville Estate,7550,-33.81854999999996,18.65482000000003
877,Punts Estate,7945,-34.03891862444579,18.475001313257813
878,Raapkraal,7945,-34.077519999999936,18.45007000000004
879,Race Course Park,7441,-33.83776999999998,18.64495000000005
880,Ravensmead,7493,-33.92214999999993,18.60313000000002
881,Ravensmead,7504,-33.92214999999993,18.60313000000002
882,Rest Haven,7945,-34.06063890954201,18.44355100877746
883,Retreat,7945,-34.06300999999996,18.475080000000048
884,Retreat,7965,-34.06300999999996,18.475080000000048
885,Reygersdal,7352,-34.07073724976436,18.59025393394537
886,Rhodes Gift,7707,-33.950118671665976,18.46677356642958
887,Richmond Estate,7460,-33.90148999999997,18.565860000000043
888,Richwood,7441,-33.832299999999975,18.542820000000063
889,Ridgeworth Estate,7530,-33.875399685516015,18.641264576844684
890,River Hamlet,7441,-33.824969001106005,18.517867354763542
891,Riverside Glen,7975,-34.02088986985136,18.364838155586092
892,Riverside Park,7100,-34.07930703242805,18.8771643362894
893,Riverside Park,7780,-34.07930703242805,18.8771643362894
894,Riverton Estate,7490,-33.967319945323894,18.489885092009743
895,Riviera,7100,-34.11498387133129,18.842639375143822
896,Robinvale,7349,-33.568659999999966,18.504950000000065
897,Rocklands,7798,-34.063819999999964,18.60845000000006
898,Rogge Bay,8012,-33.938249937281526,18.71637468852234
899,Rome Glen,7130,-34.09065999999996,18.86990000000003
900,Rondebosch,7701,-33.96387999999996,18.476180000000056
901,Rondebosch East,7780,-33.97477999999995,18.497630000000072
902,Rondevlei Park,7785,-34.03665999999998,18.585380000000043
903,Rontree Estate,8005,-33.965484724196166,18.378810145375745
904,Roosendal,7100,-33.95987999999994,18.65143000000006
905,Rosebank,7700,-33.95465999999993,18.47186000000005
906,Rosedale,7100,-33.99707999999998,18.723370000000045
907,Rosendal,7550,-33.86624999999998,18.644030000000043
908,Rosendal,7580,-33.86624999999998,18.644030000000043
909,Rosenpark,7550,-33.867249999999956,18.640520000000038
910,Rothman Park,7460,-33.908199999999965,18.544410000000028
911,Rotterdam,7580,-33.975374954275495,18.676670062670794
912,Roundhay,7130,-34.079249999999945,18.866250000000036
913,Rouxville,7580,-33.921149999999955,18.69655000000006
914,Royal Ascot,7441,-33.85762999999997,18.508230000000026
915,Rue Mont Clare,7130,-33.95957106020806,18.496841144640452
916,Rugby,7405,-33.89474999999993,18.490670000000023
917,Russels Rest,7100,-34.002399999999966,18.726350000000025
918,Rustdal,7580,-33.96130999999997,18.700640000000078
919,Rusthof,7140,-34.12453999999997,18.851530000000025
920,Rutvale Estate,7764,-33.980410002662246,18.517845207381974
921,Ruwari,7560,-33.88120999999995,18.708020000000033
922,Ruyterwacht,7460,-33.91871999999995,18.55699000000004
923,Rylands Estate,7764,-33.97099999999995,18.52908000000002
924,Sacks Circle,7530,-33.930261427309695,18.649579813594148
925,Salberau,7490,-33.92752999999993,18.56788000000006
926,Salt River,7925,-33.92922999999996,18.463450000000023
927,Salvo Park,7130,-33.86809999999997,18.53893000000005
928,Samantha Village,7100,-34.02945595180714,18.629953614911535
929,Samora Machel,7785,-34.02072509340436,18.57911359715544
930,San Diego,7100,-33.94000996553339,18.70523508577851
931,San Marina,7945,-33.90199999999993,18.421770000000038
932,San Remo,7798,-34.068449999999984,18.584570000000042
933,Sanddrift,7441,-33.880919999999946,18.50908000000004
934,Sandhurst,7490,-34.006370496434734,18.47151722035032
935,Sandile,7455,-33.939987750497764,18.529939703910888
936,Sandvlei,7945,-34.05690999999996,18.73272000000003
937,Sangrove Estate,7700,-33.9680371065899,18.49401332486618
938,Sanlamhof,7530,-33.90405999999996,18.645520000000033
939,Sanlamhof,7532,-33.90405999999996,18.645520000000033
940,Santana Village,7100,-34.04397506861719,18.481107075742393
941,Sarepta,7580,-33.93543999999997,18.66709000000003
942,Sarepta,7582,-33.93543999999997,18.66709000000003
943,Saxenburg Park,7580,-34.11314999999996,18.844580000000065
944,Saxon Sea,7349,-33.55093999999997,18.488170000000025
945,Scarborough,7975,-34.19833999999997,18.37602000000004
946,Schaap Kraal,7941,-34.03668874121979,18.54467172578109
947,Scholla Jiba,7784,-33.91908999999998,18.421980000000076
948,Schoongezicht,7550,-33.818629999999985,18.651610000000062
949,Schotsche Kloof,8001,-33.920099999999934,18.41348000000005
950,Scott Estate,7806,-34.04141999999996,18.359740000000045
951,Scottsdene,7570,-33.864889999999946,18.726910000000032
952,Scottsville,7570,-33.85689999999994,18.703610000000026
953,Sea Crest,7798,-33.71581995567112,18.44550509399059
954,Sea Point,8005,-33.91360999999995,18.391580000000033
955,Sea Ridge Park,7785,-33.99423033455547,18.43216398113149
956,Sea Wind,7945,-34.07758999999993,18.482800000000054
957,Seaforth,7975,-34.196639999999945,18.447760000000073
958,Seesig,7975,-33.885365734073666,18.614281066243738
959,Seesig,7977,-33.885365734073666,18.614281066243738
960,Seinheuwel,8001,-33.55775555634737,18.51492238586413
961,Selbourne,7530,-33.93784722716549,18.454604837420156
962,Sercor Park,7140,-34.13345999999996,18.859620000000064
963,Serengeti,7530,-33.87833740775781,18.642575247670663
964,Sheridon Park,7945,-33.90682110679555,18.484958805612138
965,Sherwood Park,7349,-33.875039999999956,18.537770000000023
966,Sherwood Park,7764,-33.875039999999956,18.537770000000023
967,Shirley Park,7530,-33.906799999999976,18.66244000000006
968,Sierra Park,7780,-34.01455088123524,18.514466062421498
969,Signal Hill,8001,-33.91766999999993,18.402630000000045
970,Sillery,7806,-34.027139999999974,18.43413000000004
971,Silver Oaks,7580,-33.935659999999984,18.689460000000054
972,Silver Tree Estate,7945,-34.07983112259636,18.433337367147033
973,Silverglade,7975,-34.12785999999994,18.415230000000065
974,Silverhurst Estate,7806,-34.02195566602226,18.427526263051988
975,Silversands,7580,-33.97703999999993,18.677380000000028
976,Silvertown,7764,-33.963259999999934,18.52594000000005
977,Silwood Estate,7100,-33.96133415037766,18.47792004795524
978,Silwood Heights,7100,-34.01162999999997,18.719310000000064
979,Simon's Town,7975,-34.193389999999965,18.434710000000052
980,Simon's Town,7995,-34.193389999999965,18.434710000000052
981,Simonstown,7975,-34.193389999999965,18.434710000000052
982,Simonstown,7995,-34.193389999999965,18.434710000000052
983,Sir Lowry Road,7130,-33.92729526526149,18.431184698305113
984,Sir Lowry Road,7925,-33.92729526526149,18.431184698305113
985,Sir Lowry's Pass,7130,-34.12098999999995,18.90805000000006
986,Sir Lowry's Pass,7133,-34.12098999999995,18.90805000000006
987,Site B,7784,-33.91908999999998,18.421980000000076
988,Site C,7784,-33.91908999999998,18.421980000000076
989,Siyahlala,7784,-34.06266228856955,18.701084687342842
990,Slangkop,7976,-34.175089999999955,18.369920000000036
991,Soetwater,7976,-34.16016604867746,18.330031673894826
992,Somerset Heights,7100,-34.09617401626036,18.872426583423998
993,Somerset Mall,7130,-34.08188999999993,18.823720000000037
994,Somerset Mall,7137,-34.08188999999993,18.823720000000037
995,Somerset Oaks,7130,-34.08664552661416,18.857068535284313
996,Somerset Park,7130,-34.09725999999995,18.85405000000003
997,Somerset Park,7945,-34.09725999999995,18.85405000000003
998,Somerset Ridge,7130,-34.07333999999997,18.827090000000055
999,Somerset West,7129,-34.09117999999995,18.838220000000035
1000,Somerset West,7130,-34.09117999999995,18.838220000000035
1001,Somerset West Business Park,7130,-34.10143999999997,18.855050000000062
1002,Soneike,7580,-33.915479999999945,18.680990000000065
1003,Soneike,7583,-33.915479999999945,18.680990000000065
1004,Sonkring,7570,-33.89298999999994,18.689340000000072
1005,Sonnekuil,7580,-33.91587999999996,18.675620000000038
1006,Sonnendal,7500,-33.88143999999994,18.580840000000023
1007,Sonsig,7550,-33.91908999999998,18.421980000000076
1008,Sonstraal,7550,-33.84732999999994,18.663320000000056
1009,Sonstraal Heights,7550,-33.85054223401334,18.654264014994016
1010,Sorrento,7500,-33.89958995575998,18.585975104284472
1011,South End,7140,-34.01460128295236,18.479744357463325
1012,South Riding,7780,-33.9051829001989,18.653815196387594
1013,Southern Cross,7806,-33.90508999999997,18.419820000000072
1014,Southern Hills,7945,-34.073055864660795,18.482560104915194
1015,Southfield,7800,-34.036359999999945,18.486630000000048
1016,Southfield,7880,-34.036359999999945,18.486630000000048
1017,Southfork,7140,-34.138589999999965,18.855320000000063
1018,Soutrivier,7925,-33.812155186630925,18.676648091060382
1019,Spandau Village,7100,-33.99456650203276,18.711025750548362
1020,Spanish Farm,7130,-34.052709999999934,18.851780000000076
1021,Springbokpark,7560,-33.88063999999997,18.683470000000057
1022,Square Hill,7945,-34.066749999999956,18.465990000000033
1023,St Augistine,7493,-34.07353458596117,18.489935209701986
1024,St Augustine,7493,-34.07353458596117,18.489935209701986
1025,St Duma,7580,-33.93870999999996,18.693710000000067
1026,St Dumas,7580,-33.93870999999996,18.693710000000067
1027,St James,7945,-34.11798999999996,18.458290000000034
1028,St James,7946,-34.11798999999996,18.458290000000034
1029,St Kilda,7560,-33.86235999999997,18.691050000000075
1030,St Michaels,7560,-33.87340999999998,18.690180000000055
1031,St Montagu Village,7945,-34.05483313713842,18.611823736354026
1032,Station Park,7750,-33.93834999999996,18.46816000000007
1033,Steenberg,7945,-34.07239999999996,18.475730000000055
1034,Steenberg,7947,-34.07239999999996,18.475730000000055
1035,Steenberg Estate,7945,-34.077694962768675,18.460050084842393
1036,Steenberg Industria,7945,-33.937089961924165,18.607235089227203
1037,Stellenberg,7550,-33.86868999999996,18.658020000000022
1038,Stellenridge,7530,-33.87611999999996,18.651350000000036
1039,Stellenryk,7550,-33.865489999999966,18.665710000000047
1040,Steurhof,7800,-33.91908999999998,18.421980000000076
1041,Steynsrust,7130,-34.05441995287895,18.81702364112983
1042,Stikland,7530,-33.90564999999998,18.651880000000062
1043,Stonehill Estate,7493,-34.04027457696058,18.369234358047468
1044,Stonehurst Estate,7945,-34.081842319379966,18.441391651448416
1045,Stoney Brook Village,7100,-34.016229227791214,18.370157637366923
1046,Strand,7139,-34.123539999999934,18.833470000000034
1047,Strand,7140,-34.123539999999934,18.833470000000034
1048,Strandfontein,7788,-34.06974999999994,18.569590000000062
1049,Strandfontein,7798,-34.06974999999994,18.569590000000062
1050,Strandfontein Village,7798,-34.0682241258266,18.53431425107542
1051,Stratford Green,7100,-34.01905999999997,18.737480000000062
1052,Stratford Park,7100,-34.016209999999944,18.728740000000073
1053,Stuart's Hill,7130,-34.07510999999994,18.849910000000023
1054,Suideinde,7140,-33.91908999999998,18.421980000000076
1055,Suider Strand,7140,-34.123539999999934,18.833470000000034
1056,Suiderkruis,7806,-33.99768397203277,18.70815934927304
1057,Summer Greens,7441,-33.88290999999998,18.529850000000067
1058,Summerville,7570,-33.85847999999993,18.72037000000006
1059,Sun Boulevard,7798,-34.00628284069101,18.633997518753688
1060,Sun City,7130,-34.119779999999935,18.90882000000005
1061,Sun Valley,7975,-34.12724999999995,18.396970000000067
1062,Sunbird Park,7580,-33.96302999999995,18.678920000000062
1063,Sunbury Estate,7945,-34.04671880948595,18.472162376088495
1064,Sunkist Estate,7530,-33.89687999999995,18.63915000000003
1065,Sunlands Estate,7780,-33.99896994885009,18.501085116761317
1066,Sunningdale,7441,-33.80468999999994,18.48795000000007
1067,Sunny Cove,7975,-33.87613839290282,18.715318969523775
1068,Sunnybrae,7700,-33.969879558692874,18.475670733486826
1069,Sunnydale,7975,-34.12559999999996,18.389280000000042
1070,Sunnyside,7764,-33.970009999999945,18.51249000000007
1071,Sunridge,7441,-33.82702999999998,18.511880000000076
1072,Sunridge Estate,7441,-33.969706853266636,18.65586999237527
1073,Sunset Beach,7441,-33.85504999999995,18.494970000000023
1074,Surrey Estate,7764,-33.975709999999935,18.544800000000066
1075,Surwell,7762,-33.91908999999998,18.421980000000076
1076,Surwell,7764,-33.91908999999998,18.421980000000076
1077,Swartklip,7785,-34.07471999999996,18.686300000000074
1078,Sweet Valley,7945,-34.04964999999993,18.441280000000063
1079,Sybrandpark,7700,-33.955919999999935,18.500560000000064
1080,Sydneyvale,7490,-33.94529265052559,18.591202566216552
1081,Table Bay Harbour,8001,-33.91053999999997,18.424650000000042
1082,Table View,7441,-33.82362999999998,18.484880000000032
1083,Tafelsig,7785,-34.06107999999995,18.637680000000046
1084,Tambo Village,7750,-33.78307678241926,18.716996421781857
1085,Tamboerskloof,8001,-33.92948999999993,18.404030000000034
1086,Tara,7550,-33.83600524028677,18.671706901590213
1087,Tembani,7784,-33.989851440119565,18.561225328232684
1088,Thalman Estate,7530,-33.99288623771615,18.530016809774125
1089,The Akkers,7530,-33.88407995639559,18.66602890866266
1090,The Avenues,7490,-34.08280999999994,18.850460000000055
1091,The Boulders,7975,-34.197949999999935,18.44924000000003
1092,The Conifers,7100,-33.98361999999997,18.693810000000042
1093,The Crest,7550,-33.81925999999993,18.672370000000058
1094,The Farm,7785,-33.80114151998747,18.621284100285322
1095,The Hague,7100,-33.95668999999998,18.64175000000006
1096,The Island,7500,-33.78174839183348,18.45526840082313
1097,The Islands,7500,-33.78174839183348,18.45526840082313
1098,The Lakes,7975,-34.11987999999997,18.372970000000066
1099,The Leagues,7785,-33.949695994219844,18.58501444644359
1100,The Oaks,7530,-33.89370088046892,18.71245414646211
1101,The Palms,7530,-34.102269999999976,18.836020000000076
1102,The Pines,7530,-33.890718892899244,18.66773415431636
1103,The Range,7490,-33.93498999999997,18.570110000000057
1104,The Ridge,7441,-33.941531850257725,18.373431700319074
1105,The River Hamlet,7441,-33.824969001106005,18.517867354763542
1106,The Vines Estate,7806,-34.025424974516696,18.460145093714885
1107,Thornton,7460,-33.922549999999944,18.53899000000007
1108,Thornton,7485,-33.922549999999944,18.53899000000007
1109,Three Anchor Bay,8005,-33.90840999999995,18.39721000000003
1110,Timour Hall Estate,7800,-34.02068203762069,18.46464757234435
1111,Tokai,7945,-34.063229999999976,18.441470000000038
1112,Tokai,7966,-34.063229999999976,18.441470000000038
1113,Town Two,7784,-33.91908999999998,18.421980000000076
1114,Triangle Farm,7530,-33.907959999999946,18.64829000000003
1115,Trovato Estate,7800,-34.0536349402059,18.601225097012346
1116,Tuine,8001,-33.85657999999995,18.692170000000033
1117,Turfhall Estate,7780,-34.011049999999955,18.51947000000007
1118,Turfhall Park,7780,-33.98828088197204,18.516971777349244
1119,Tuscany Glen,7100,-33.99890999999997,18.701730000000055
1120,Tussendal,7945,-34.05455048399157,18.453890628695166
1121,Twin Palms,7140,-33.939919964848045,18.689385116421334
1122,Tyger Falls,7530,-33.87478999999996,18.631750000000068
1123,Tyger Manor,7530,-33.91367817604419,18.60888585392431
1124,Tyger Valley,7530,-33.871339999999975,18.633240000000058
1125,Tyger Waterfront,7530,-33.876529999999946,18.629350000000045
1126,Tygerberg,7505,-33.78893999999997,18.595440000000053
1127,Tygerberg Business Park,7493,-33.88681995863412,18.689705053665534
1128,Tygerberg Hills,7530,-33.883329999999944,18.600000000000023
1129,Tygerdal,7460,-33.89528999999993,18.545380000000023
1130,Tygerhof Estate,7441,-33.91908999999998,18.421980000000076
1131,Tygerpark,7530,-33.81673614415122,18.649490084060062
1132,Uitsig,7493,-33.936219999999935,18.598610000000065
1133,Uitzicht,7550,-33.820919999999944,18.67996000000005
1134,Uitzicht,7570,-33.820919999999944,18.67996000000005
1135,Unathi,7750,-34.062524954351844,18.698930092481405
1136,Unibell,7539,-33.91908999999998,18.421980000000076
1137,University Estate,7925,-33.937959999999975,18.45261000000005
1138,Upper Claremont,7708,-33.983499999999935,18.469730000000027
1139,Upper Woodstock,7925,-33.929089999999974,18.447740000000067
1140,Upper Wynberg,7800,-34.00730999999996,18.46914000000004
1141,Valhalla Park,7490,-33.95316999999994,18.569270000000074
1142,Valley Estate,7806,-34.01751623198811,18.36645093545881
1143,Valmary Park,7550,-33.843429999999955,18.65361000000007
1144,Valyland,7978,-33.91908999999998,18.421980000000076
1145,Van Der Stel,7130,-34.09600999999998,18.849920000000054
1146,Van Riebeeckstrand,7441,-33.69895999999994,18.44229000000007
1147,Vanguard Estate,7764,-34.03778390632743,18.58328738022537
1148,Vanriebeeckshof,7530,-33.85541999999998,18.610820000000047
1149,Vanriebeeckshof,7540,-33.85541999999998,18.610820000000047
1150,Vasco,7460,-33.90576999999996,18.560640000000035
1151,Vergenoeg,7100,-33.89164337717215,18.707088839902763
1152,Vergesig,7550,-33.83840999999995,18.635280000000023
1153,Victoria Junction,8000,-34.000113307815425,18.344076077237847
1154,Victoria Junction,8001,-34.000113307815425,18.344076077237847
1155,Victoria Mxenge,7784,-34.02315999999996,18.658160000000066
1156,Victoria Park,7130,-34.091519999999946,18.83128000000005
1157,Victoria Park,7570,-34.091519999999946,18.83128000000005
1158,Vier Bergen,7530,-33.882767583852996,18.67088137310664
1159,Vierlanden,7550,-33.81183999999996,18.659980000000076
1160,Vietnam,7750,-34.00802971042715,18.596383525287795
1161,Viking Village,7460,-33.83105999999998,18.71987000000007
1162,Villa Bianca,7530,-33.93966999999998,18.414770000000033
1163,Villa De Vie,7560,-33.862409999999954,18.673910000000035
1164,Villa Palma,7580,-33.85407389468105,18.5380063244865
1165,Vishoek,7975,-34.13563999999997,18.428540000000055
1166,Vita Nova Estate,7945,-34.066365561875074,18.434212974191777
1167,Vlaeberg,8018,-33.88809995906804,18.689805091679943
1168,Voelvlei,7580,-33.922469999999976,18.666720000000055
1169,Voorbrug,7100,-33.97061999999994,18.65002000000004
1170,Vredehoek,8001,-33.93954999999994,18.426140000000032
1171,Vredekloof,7560,-33.86542999999995,18.680690000000027
1172,Vredekloof Heights,7560,-33.85561999999993,18.686380000000042
1173,Vredekloof Park,7560,-33.857894109750475,18.690065231626903
1174,Vredekloof Terraces,7560,-33.86542999999995,18.680690000000027
1175,Vredekloof Village,7560,-33.857579999999984,18.689580000000035
1176,Vredelust,7580,-33.89797999999996,18.61394000000007
1177,Vredelust Estate,7530,-34.14434034604423,18.858904453958523
1178,Vredenberg,7530,-33.87605999999994,18.66769000000005
1179,Vredendal North,8161,-31.6620305268163,18.5068044508321
1180,Vrijzee,7460,-33.91908999999998,18.421980000000076
1181,Vrygrond,7945,-34.084029999999984,18.488240000000076
1182,Vygeboom,7550,-33.84767999999997,18.650190000000066
1183,Wallacedene,7570,-33.86021999999997,18.728560000000073
1184,Walmer Estate,7925,-33.93652999999995,18.446270000000027
1185,Washington Park,7784,-34.011724382402214,18.632255957553724
1186,Waterfront,8001,-33.906969999999944,18.41775000000007
1187,Waterfront,8002,-33.906969999999944,18.41775000000007
1188,Waterkloof,7530,-33.858250531053145,18.631557383817608
1189,Watsonia Park,7570,-33.99112999999994,18.712120000000027
1190,Wave Crest,7798,-34.07075999999995,18.546590000000037
1191,Waves Edge,7441,-33.79536815382841,18.462441898479387
1192,Welcome Estate,7764,-33.91194494390485,18.506245058265634
1193,Welcome Glen,7975,-34.15418999999997,18.40446000000003
1194,Welgedacht,7530,-33.86433999999997,18.604940000000056
1195,Welgelee,7560,-34.04464013532766,18.437813364896574
1196,Welgelegen,7500,-33.86991999999998,18.568230000000028
1197,Welgemoed,7530,-33.87130999999994,18.616870000000063
1198,Welgemoed,7538,-33.87130999999994,18.616870000000063
1199,Wellway Park,7550,-33.82245999999998,18.665180000000078
1200,Wellway Park East,7550,-33.84294999999997,18.678990000000056
1201,Weltevreden Glen,7785,-34.03166088004724,18.585175519995417
1202,Weltevreden Valley,7785,-34.02473999999995,18.58617000000004
1203,Weltevreden Valley North,7784,-34.017589999999984,18.57746000000003
1204,Wembleypark,7100,-33.95679999999993,18.669710000000066
1205,Wembly Park,7580,-33.95679999999993,18.669710000000066
1206,Wesfleur,7349,-33.57815999999997,18.503820000000076
1207,Weskus Village,7433,-34.09761723593447,18.380432251749745
1208,West Bank,7580,-33.96846999999997,18.657820000000072
1209,West Beach,7441,-33.808479999999975,18.475700000000074
1210,West Coast Village,7433,-33.80470999999994,18.48443000000003
1211,West Riding,7441,-33.82176999999996,18.51571000000007
1212,Westgate,7798,-34.04684999999995,18.588590000000067
1213,Westgate Mall,7785,-34.04136999999997,18.586520000000064
1214,Westhof,7530,-33.854059960625165,18.629905077922118
1215,Westhoven,7441,-33.87538966202581,18.531626241714555
1216,Westlake,7945,-34.079579999999964,18.438820000000078
1217,Westminister Park,7100,-33.92824782623691,18.46299327376997
1218,Westridge,7130,-34.050149999999974,18.603800000000035
1219,Westridge,7798,-34.050149999999974,18.603800000000035
1220,Westridge,7802,-34.050149999999974,18.603800000000035
1221,Westridge Heights,7798,-34.05069282044191,18.443602763134002
1222,Wetton,7780,-34.00441999999998,18.51383000000004
1223,Wetton Park,7780,-34.00063305420645,18.502845763626713
1224,Wheatfield Estate,7780,-33.98424906128767,18.51039360235195
1225,White City,7750,-34.06571543742415,18.462391635694512
1226,White Waters,7441,-33.80447577505025,18.465441311832524
1227,Wildwoods,7785,-34.04646999999994,18.361860000000036
1228,Wilger Park,7530,-33.88549343212504,18.672354843593276
1229,Windsor Estate,7570,-34.05842292926453,18.444655221587926
1230,Windsor Park,7570,-33.845489999999984,18.705470000000048
1231,Windsor Park,7800,-33.845489999999984,18.705470000000048
1232,Wingate Heights,7975,-33.814166728171,18.488932709233822
1233,Wingfield,7460,-33.91352999999998,18.53707000000003
1234,Winsley,7530,-33.91908999999998,18.421980000000076
1235,Winterberg,7530,-33.887579746696936,18.69074490055611
1236,Witsand,7349,-33.588529999999935,18.505600000000072
1237,Wittebome,7800,-34.01944999999995,18.42160000000007
1238,Woodbridge Island,7441,-33.885599999999954,18.487280000000055
1239,Woodbury,7785,-33.99279776470413,18.498412775470918
1240,Woodlands,7785,-34.03684999999996,18.599620000000073
1241,Woodlands,7975,-34.03684999999996,18.599620000000073
1242,Woodlands Park,7780,-34.01433999999995,18.514030000000048
1243,Woodridge,7785,-33.88304554701697,18.487530420929392
1244,Woodstock,7915,-33.929089999999974,18.447740000000067
1245,Woodstock,7925,-33.929089999999974,18.447740000000067
1246,Wynberg,7800,-34.00730999999996,18.46914000000004
1247,Wynberg,7824,-34.00730999999996,18.46914000000004
1248,Yorkshire Estate,7780,-33.99962999999997,18.513340000000028
1249,Youngsfield,7700,-34.003169999999955,18.49574000000007
1250,Youngsfield Quarters,7700,-34.003169999999955,18.49574000000007
1251,Ysterplaat,7405,-33.90635999999995,18.49078000000003
1252,Ysterplaat,7425,-33.90635999999995,18.49078000000003
1253,Ysterplaat Air Force Base,7405,-33.90635999999995,18.49078000000003
1254,Zeekoevlei,7941,-34.06370999999996,18.511090000000024
1255,Zerilda Park,7945,-34.07546999999994,18.48536000000007
1256,Zevendal,7580,-33.93713999999994,18.71384000000006
1257,Zevenwacht Village,7580,-33.93425529744882,18.713453066635836
1258,Zevenzicht,7580,-33.93653999999998,18.708440000000053
1259,Zola,7140,-34.00945495535129,18.64170507930298
1260,Zonnebloem,7925,-33.93235999999996,18.42951000000005
1261,Zoo Park,7570,-33.84063999999995,18.700560000000053
1262,Zwaanswyk,7945,-33.95070118950913,18.685079245317542
1263,Zwaanswyk Estate,7945,-33.95070118950913,18.685079245317542
1264,Zwelitsha,7750,-34.031949665565584,18.67749219325861
